date,regime,gross_return,transaction_cost,turnover,portfolio_return,w_BIL,w_DBC,w_EEM,w_EFA,w_GLD,w_IEF,w_SPY,w_TLT,w_VNQ
2012-01-31,2,0.024091133887863984,0.0,,0.024091133887863984,0.2,0.022231785236002072,0.0176159454666809,0.02329061142356239,0.10655388780338174,0.2016398317742884,0.07350777511480723,0.2950366810886302,0.060123482092647125
2012-02-29,2,-0.0023102214835542985,0.00014206921865958974,0.14206921865958974,-0.0024522907022138884,0.2,0.03692464609033387,0.03341188095527061,0.04597036722356639,0.07638106083004066,0.1853935121855408,0.08660751585726889,0.27042121832092403,0.06488979853705486
2012-03-31,2,-0.007343074517282815,0.00017379109907833854,0.17379109907833853,-0.007516865616361154,0.19999999999999998,0.05709131591978858,0.048831831642453145,0.06802453248374196,0.06307493739729846,0.1729723611651059,0.10097409760826448,0.20925294323493185,0.07977798054841569
2012-04-30,0,0.007876801930780363,0.0006063457282955357,0.6063457282955357,0.007270456202484827,0.31399440935192363,0.025691092163904854,0.02197432423910391,0.08369606883413293,0.028383721828784295,0.07783756252429765,0.17932872778224745,0.09416382445571929,0.17493026881988588
2012-05-31,2,-0.0038745223931360437,0.00039546077926560017,0.39546077926560014,-0.004269983172401644,0.2512974842083656,0.025522584440733756,0.01968815245625858,0.054256867283265474,0.03828316875621964,0.15756713982328274,0.12720016186791472,0.20226518986209888,0.12391925130186045
2012-06-30,2,0.010294854145180466,0.00017501862473796943,0.17501862473796942,0.010119835520442497,0.22308386789376455,0.022870648923076685,0.0196731363513183,0.04129929771429086,0.04605949822299216,0.19011723859049076,0.10453040981923908,0.24944807399710311,0.10291782848772445
2012-07-31,2,0.018349247974789505,9.546961563849806e-05,0.09546961563849805,0.018253778359151006,0.21038774055219406,0.025796519354106796,0.01753676468478226,0.034107177079088724,0.04500608488981632,0.20466898257368787,0.09251287299735841,0.2797052674021249,0.09027859046684061
2012-08-31,0,0.0019190529189885132,0.0005582535960470436,0.5582535960470436,0.0013607993229414696,0.11117448324848732,0.011608433709348057,0.007891544108152015,0.015348229685589944,0.020252738200417408,0.09210104215815954,0.15141575213875286,0.29584546273552426,0.29436231401556867
2012-09-30,0,0.003069620860034391,0.0005527346516178361,0.5527346516178361,0.0025168862084165547,0.06652851746181929,0.005223795169206629,0.0035511948486684403,0.006906703358515474,0.1622717885843091,0.04144546897117179,0.24627708688273808,0.33533240341656534,0.1324630413070059
2012-10-31,0,-0.011931324528953069,0.0005698174940838795,0.5698174940838795,-0.012501142023036949,0.16688770046611154,0.0023507078261429826,0.0015980376819008497,0.09785088050711095,0.21851760224019193,0.01865046103702746,0.28363666011590727,0.1508995815374544,0.059608368588152674
2012-11-30,0,0.009512941914953589,0.0007051751005563902,0.7051751005563902,0.008807766814397199,0.23519587241655407,0.001057818521764342,0.15914586886142926,0.22458242765533507,0.1492602304695734,0.008392707466662357,0.1276364970521583,0.06790481169185447,0.026823765864668697
2012-12-31,0,0.02715952078973844,0.0003441879431355232,0.3441879431355232,0.026815332846602917,0.244691316158908,0.028441003404648443,0.2427729571145134,0.2761706823447745,0.06716710371130802,0.0037767183599980605,0.09435235900541403,0.03055716526133451,0.012070694639101041
2013-01-31,0,0.017323020814265202,0.00022968326913406085,0.22968326913406084,0.01709333754513114,0.20795665854889195,0.0127984515320918,0.28526973809207523,0.31781179613692556,0.030225196670088605,0.0016995232619991271,0.12505609880273158,0.013750724367600529,0.005431812587595659
2013-02-28,0,-0.007472992197963121,0.0003723851298487074,0.37238512984870736,-0.007845377327811829,0.11008049634700137,0.005759303189441309,0.23210147500026876,0.36459722184110055,0.013601338501539875,0.0007647854678996071,0.2644632380229102,0.006187825965420237,0.0024443156644180465
2013-03-31,0,0.021368715419817573,0.0005636632852612576,0.5636632852612575,0.020805052134556315,0.06603622335615061,0.002591686435248606,0.10444566375012093,0.2689379526698359,0.006120602325692965,0.00034415346055482316,0.334781737508198,0.002784521684439128,0.21395745880975903
2013-04-30,0,0.041832178321111246,0.00023848505698215758,0.23848505698215758,0.04159369326412909,0.046216300510267774,0.0011662588958618726,0.04700054868755441,0.28207057720205664,0.002754271046561834,0.00015486905724967042,0.2993167770738331,0.0012530347579976164,0.320067362768617
2013-05-31,0,-0.020574831311651144,0.00018305859596374428,0.18305859596374427,-0.020757889907614888,0.037297335229620504,0.0005248165031378427,0.021150246909399487,0.2282411848457058,0.0012394219709528254,6.969107576235191e-05,0.3591746803378406,0.0005638656410989274,0.3517387574864817
2013-06-30,2,-0.02209012055640698,0.0005649303551602947,0.5649303551602947,-0.022655050911567276,0.12678380085332927,0.03177136583149233,0.03925423685816845,0.17613550379146503,0.027160547840221365,0.06144556137388942,0.24638112054605424,0.05689504215301837,0.23417282075236157
2013-07-31,2,0.0238184887404773,0.00024967835159159815,0.24967835159159812,0.0235688103888857,0.1670527103839982,0.046951799395059335,0.04583706587436229,0.15527367412210757,0.047208044548249624,0.08603828825822488,0.20032516365306746,0.07506182224602397,0.17625143151890676
2013-08-31,2,-0.01446166619277103,0.0001620077781673348,0.1620077781673348,-0.014623673970938365,0.1851737196727992,0.06302010340423422,0.048033485070857154,0.15686058952170215,0.07319574885402966,0.09581481155262697,0.1843406108163927,0.08232883583544388,0.11123209527191409
2013-09-30,1,0.03414501661246246,0.0004582987775330632,0.4582987775330632,0.0336867178349294,0.13406268265228388,0.0428199227493697,0.037654679463115556,0.28730426149760685,0.04459897425690096,0.05755736787169104,0.2830463276070196,0.04927794096460904,0.06367784293740344
2013-10-31,1,0.03236239222470317,0.000259321268880131,0.259321268880131,0.032103070955823036,0.07682820719352774,0.03202186433257162,0.11222620894637365,0.3140342309453104,0.030101065272466494,0.03813306162970329,0.3114054631161234,0.032178034613545105,0.053071863950378245
2013-11-30,1,0.006591066140549839,0.0001337381413669004,0.13373814136690038,0.006457327999182938,0.051072693237087484,0.02731750727885906,0.1506043393281641,0.3288095663602216,0.022999432165281306,0.030833926556920948,0.325121068002872,0.026406326039625505,0.03683514103096805
2013-12-31,0,0.015972047351403243,0.00018201152893961657,0.18201152893961656,0.015790035822463626,0.03948271195668938,0.012292878275486597,0.16366978739821827,0.36532453497901896,0.01034974447437659,0.013875266950614439,0.3665464157838288,0.011882846717831477,0.016575813463935662
2014-01-31,1,-0.028914584092438536,0.00027535429951725725,0.27535429951725726,-0.029189938391955793,0.03426722038051022,0.016099914648156088,0.08377306116633844,0.33394314875599085,0.013634354541834577,0.07082556092536836,0.3453628700562872,0.0666725535923741,0.035421315933140206
2014-02-28,0,0.04645054499754119,0.0004383925056824561,0.4383925056824561,0.046012152491858735,0.0319202491712296,0.007244961591670239,0.03769787752485229,0.2551468618047826,0.006135459543825564,0.03187150241641587,0.3666939491404626,0.030002649116568445,0.2332864896901928
2014-03-31,0,0.004447643805117254,0.0002259808489435288,0.2259808489435288,0.004221662956173725,0.03086411212705332,0.0032602327162516544,0.01696404488618353,0.2053364219835272,0.0027609567947215036,0.014342176087387146,0.3808508692753855,0.013501192102455848,0.33211999402703435
2014-04-30,0,0.01829819265751336,8.336398521164306e-05,0.08336398521164305,0.018214828672301717,0.030388850457173995,0.0014671047223132443,0.007633820198782588,0.19208542247043478,0.001242430557624685,0.006453979239324215,0.38430179142502163,0.0060755364461052026,0.37035106448321975
2014-05-31,0,0.022700624589521545,0.00024983208073235544,0.2498320807323554,0.02245079250878919,0.030174982705728298,0.0006601971250409599,0.003435219089452164,0.0864384401116959,0.0005590937509311082,0.002904290657695897,0.3744851352639531,0.08629819552194518,0.4150444457735575
2014-06-30,0,0.010493653940803115,0.00032100018206685096,0.32100018206685094,0.010172653758736263,0.030078742217577732,0.0002970887062684319,0.0015458485902534738,0.03889729805026315,0.00025159218791899864,0.0013069307959631534,0.265779767122827,0.20984503096545476,0.45199770136347334
2014-07-31,0,0.0007238388943921856,0.0004562172077658564,0.4562172077658564,0.0002676216866263292,0.030035433997909977,0.00013368991782079434,0.22965445247318164,0.017503784122618417,0.00011321648456354938,0.000588118858183419,0.21536773172450946,0.0944302639344548,0.412173308486758
2014-08-31,0,0.03246283283656286,0.00040952475251980665,0.40952475251980663,0.03205330808404305,0.030015945299059495,6.016046301935745e-05,0.34824233127660525,0.007876702855178344,5.094741805361683e-05,0.00026465348618256063,0.09691547927602925,0.1806047613909345,0.33596901853493766
2014-09-30,2,-0.03806143851924353,0.0005790504553699695,0.5790504553699695,-0.0386404889746135,0.1235071753845768,0.015681209527776515,0.1851127884753502,0.027974967533016912,0.03485687572508816,0.10182549997124964,0.10727666195614535,0.19419148777558853,0.209573333651208
2014-10-31,2,0.025126225144369324,0.0002141586313811781,0.2141586313811781,0.024912066512988145,0.16557822892305957,0.02146427540579821,0.1347249786364853,0.03591284441235696,0.047575921540411,0.13944685061200943,0.10822358489480724,0.19034956028304767,0.1567237552920247
2014-11-30,2,0.010029021226224134,0.00013733007172241383,0.13733007172241382,0.00989169115450172,0.1845102030153768,0.022815225287615738,0.0873435135137757,0.0422221165876116,0.06126762850750965,0.16154893563371153,0.11186229817243659,0.19298989472843503,0.13544018455352735
2014-12-31,2,0.003093050634621052,6.475150421496017e-05,0.06475150421496016,0.0030282991304060917,0.19302959135691955,0.022631446371680415,0.06571922109760062,0.04441796537137711,0.07067914208580967,0.16955441333659144,0.10982542688689077,0.1972334184294269,0.12690937506370348
2015-01-31,2,0.039960508748817486,9.646465999782219e-05,0.09646465999782218,0.03986404408881966,0.1968633161106138,0.020830205372276187,0.051326942482474935,0.04323973184483307,0.11507774733102653,0.16432029934671843,0.0974214187619836,0.1951744801021446,0.11574585864792884
2015-02-28,1,-0.020443925893296647,0.0003899660838444757,0.3899660838444757,-0.02083389197714112,0.1050884922497762,0.014602348746416029,0.03533039874967417,0.046713863877719676,0.0652909346575345,0.1331232943174712,0.10857274474414068,0.26434589738012737,0.22693202527714024
2015-03-31,0,0.007294482234805205,0.0003409515171436008,0.34095151714360084,0.006953530717661605,0.06378982151239929,0.006571056935887212,0.015898679437353375,0.021021238744973903,0.029380920595890515,0.10260395550525338,0.09898064603917427,0.3003987075367509,0.36135497369231706
2015-04-30,0,-0.00592506209285897,0.0007242190882568802,0.7242190882568802,-0.00664928118111585,0.04520541968057967,0.0029569756211492593,0.007154405746809233,0.2517631322738371,0.013221414268150739,0.04617177997736401,0.2303482966387512,0.24056883763181583,0.16260973816154295
2015-05-31,1,-0.0024363975732433433,0.00040934209181445376,0.40934209181445375,-0.002845739665057797,0.03684243885626086,0.008515942745527914,0.07147561573777014,0.29776309493147357,0.01991608589317535,0.08180987506115747,0.276806436064184,0.12122881326773367,0.0856416974427171
2015-06-30,2,-0.022070099907131477,0.0003801564966237809,0.38015649662378087,-0.022450256403755257,0.12657909748531743,0.043237362857690184,0.07161511304692028,0.22654330527028588,0.06976130604787605,0.09744532716797827,0.20837483287492622,0.09523278560139567,0.06121086964761014
2015-07-31,1,0.010026175447820137,0.00036110222181254866,0.36110222181254864,0.009665073226007587,0.07355449571547995,0.02986585524150922,0.04468156273564372,0.2898493052100597,0.04144416863294016,0.1400194757064318,0.28304579530297314,0.05564211475260554,0.0418972267023568
2015-08-31,2,-0.027350559699198713,0.00047228578853252397,0.47228578853252395,-0.027822845487731236,0.143099523071966,0.03970305770239445,0.03559002558129257,0.1721616357822151,0.096556179366581,0.16663343895762758,0.17368210761890687,0.11442496851272965,0.05814906340628673
2015-09-30,2,-0.004090865201308729,0.00025107138243518303,0.251071382435183,-0.004341936583743912,0.17439478538238473,0.04280821145891943,0.033990721335996024,0.1082014124481806,0.1056201223583183,0.22857107022189802,0.1137059439806464,0.1278370646450081,0.06487066816864837
2015-10-31,2,0.02378962594297491,0.00011487965066548477,0.11487965066548476,0.023674746292309427,0.18847765342207312,0.03928999222689718,0.033010458666986944,0.07555149967890103,0.10540677486803579,0.22065385533204543,0.11983408220395389,0.11567619636271176,0.1020994872383949
2015-11-30,2,-0.012070985514506395,7.509546965388086e-05,0.07509546965388086,-0.012146080984160276,0.19481494403993288,0.03509968508090536,0.039130499552650085,0.0650694744197216,0.0903192212012551,0.21515574008357607,0.12552464743906738,0.11338646285619258,0.12149932532669891
2015-12-31,2,-0.0064579065465724655,0.00010537885215701434,0.10537885215701434,-0.006563285398729479,0.19766672481796987,0.03221627005019347,0.045253637622979466,0.06618846999873866,0.09287891574709017,0.16534972903578085,0.13525008587366757,0.12255556892037978,0.14264059793320025
2016-01-31,2,0.006263289147024904,0.00016289003764687456,0.16289003764687454,0.0061003991093780295,0.19895002616808644,0.031822908406241364,0.04098523420567183,0.05298517553065513,0.1003530807521213,0.18779137010118072,0.0887411622984862,0.1728014803232695,0.1255695622142876
2016-02-29,2,0.022606798263016793,0.00012030747599259865,0.12030747599259864,0.022486490787024194,0.19952751177563888,0.030426740148183078,0.039231402206497526,0.04384939594590313,0.1528622499678668,0.17880115590637785,0.06522055521539095,0.17986856349627078,0.1102124253378709
2016-03-31,2,0.026613041686014367,0.00010332997350477985,0.10332997350477985,0.026509711712509588,0.1997873802990375,0.02530197586790582,0.06630469969594435,0.03782143901407957,0.1652633068110208,0.15737320524268295,0.07715131911178144,0.1666469850514798,0.10434968890606772
2016-04-30,1,0.012693870691411724,0.00041995049039023215,0.41995049039023213,0.012273920201021492,0.10919269279371377,0.0347430972343973,0.055675228142724846,0.02193808458639615,0.27728338145488635,0.09358719992709838,0.05786551964772761,0.15685105812222877,0.19286373809082677
2016-05-31,0,-0.00903865223673474,0.0005116207615418785,0.5116207615418784,-0.00955027299827662,0.06563671175717121,0.13446058526008003,0.025053852664226217,0.009872138063878268,0.29039386567801706,0.04211423996719429,0.026039483841477428,0.07058297615500295,0.33584614661295265
2016-06-30,1,0.06255522196302156,0.00015132426431607444,0.15132426431607443,0.06240389769870548,0.04716711258552853,0.17256659488299128,0.03342444335264189,0.009382453361597277,0.31331714015770273,0.04182567588758897,0.032301741208502044,0.060855376725700946,0.28915946183774643
2016-07-31,0,0.022219858199440043,0.0003373348234067346,0.3373348234067346,0.02188252337603331,0.037725200663487835,0.07765496769734612,0.015040999508688932,0.004222104012718828,0.3142367888344229,0.018821554149415037,0.014535783543825918,0.1039923014895707,0.4137703001005238
2016-08-31,0,-0.01665870985395948,0.0006342397634085186,0.6342397634085185,-0.017292949617368,0.1770604269843994,0.034944735463805755,0.1928256548920366,0.0018999468057235196,0.1414065549754903,0.008469699367236799,0.006541102594721663,0.09032019748125733,0.3465316814353287
2016-09-30,0,0.010825500305153923,0.0006587786225822674,0.6587786225822674,0.010166721682571656,0.1714165597290359,0.1422207536333291,0.30435780465109685,0.0008549760625755837,0.06363294973897064,0.003811364715256567,0.11712224595727173,0.04064408886656579,0.1559392566458979
2016-10-31,0,-0.012433947367325227,0.00035148755724151036,0.3514875572415104,-0.012785434924566737,0.14135823092437724,0.20837972197397006,0.3470283914636603,0.0003847392281590126,0.028634827382536844,0.001715114121865455,0.18403646942482246,0.018289839989954607,0.07017266549065404
2016-11-30,2,-0.013961609542548258,0.00036240677440007717,0.3624067744000772,-0.014324016316948336,0.1827298960872406,0.17265320317687743,0.2338028211947288,0.03354111233538431,0.05789999697004582,0.05109889125927279,0.16189496262179398,0.046316242194988214,0.060062874159668066
2016-12-31,0,0.021504630587696458,0.0006621017940525387,0.6621017940525387,0.02084252879364392,0.09872845323925826,0.2888532260684099,0.10521126953762801,0.11603243912544149,0.026054998636520613,0.022994501066672755,0.2942545099664737,0.020842308987744695,0.02702829337185065
2017-01-31,0,0.01309089736705547,0.0002979458073236422,0.29794580732364223,0.012792951559731827,0.060927803957666206,0.35047387596040047,0.04734507129193259,0.15240289389281814,0.011724749386434289,0.010347525480002766,0.3452363089689276,0.009379039044485128,0.012162732017332872
2017-02-28,0,0.017593696960324926,0.0002496392181566125,0.2496392181566125,0.017344057742168312,0.04391751178094979,0.3662695767765297,0.12415272303285838,0.06858130225176842,0.005276137223895429,0.004656386466001245,0.3774525654901788,0.0042205675700183075,0.005473229407799909
2017-03-31,0,0.009405560447683734,0.0004397947501477137,0.4397947501477137,0.00896576569753602,0.036262880301427415,0.16482130954943844,0.27213828865425044,0.13402316958034488,0.0023742617507529432,0.002095373909700582,0.3839225076140672,0.0018992554065082384,0.0024629532335099977
2017-04-30,0,0.01207051456147408,0.0001979076375664713,0.1979076375664713,0.01187260692390761,0.032818296135642334,0.0741695892972473,0.273882057307995,0.22601741878631018,0.0010684177878388245,0.0009429182593652619,0.389138308537593,0.0008546649329287112,0.0011083289550794988
2017-05-31,0,0.02452061726737073,0.0003322219851698413,0.3322219851698413,0.02418839528220089,0.03126823326103905,0.03337631518376128,0.3424375886706075,0.32357288000861834,0.00048078800452779324,0.0004243132167143678,0.2675565344051281,0.00038459921981792,0.0004987480297857744
2017-06-30,0,0.005839508716901101,0.00014831316224583378,0.14831316224583377,0.0056911955546552675,0.030570704967467575,0.015019341832692582,0.3805466622692527,0.35962038753289,0.00021635460203751574,0.00019094094752147793,0.21343810158581653,0.00017306964891808087,0.00022443661340367887
2017-07-31,0,0.03756470291585711,7.127882423204457e-05,0.07127882423204457,0.037493424091625066,0.03025681723536041,0.00675870382471167,0.40547056008743954,0.3703359018307254,9.735957091688208e-05,8.592342638466505e-05,0.18681585620641641,7.788134201313638e-05,0.00010099647603192732
2017-08-31,0,0.010526931633987359,5.251584087995228e-05,0.05251584087995228,0.010474415793107407,0.030115567755912186,0.0030414167211202515,0.4317284805274157,0.3672780973731917,4.381180691261668e-05,3.8665541873120996e-05,0.16767346525545407,3.504660390604633e-05,4.5448414214367297e-05
2017-09-30,0,0.011848097495969958,1.7844547863397424e-05,0.017844547863397425,0.01183025294810656,0.03005200549016048,0.0013686375245041131,0.437019379506454,0.37090947232585214,1.9715313110677502e-05,1.7399493842908946e-05,0.16057716758792157,1.5770971757720847e-05,2.0451786396465282e-05
2017-10-31,0,0.024466937854402012,1.4015240766640434e-05,0.014015240766640433,0.02445292261363537,0.030023402470572214,0.0006158868860270156,0.438239703822968,0.36472354126140644,8.871890899805327e-06,7.829772229333595e-06,0.1663644636547277,7.096937290990444e-06,9.203303878451382e-06
2017-11-30,0,0.009502449443394225,0.0004653687340546416,0.4653687340546416,0.009037080709339583,0.030010531111757496,0.10764678764095953,0.4061843068955997,0.16412559356763287,3.992350904955918e-06,3.5233975032083984e-06,0.292017929927116,3.1936217809506564e-06,4.1414867453031215e-06
2017-12-31,0,0.026258906883741065,0.00031677238304320707,0.31677238304320704,0.025942134500697857,0.030004739000290874,0.266032979162563,0.3998176774450988,0.07385651710543478,1.796557907230163e-06,1.5855288764562094e-06,0.23028140440099204,1.4371298014285563e-06,1.8636690353864044e-06
2018-01-31,0,0.059326406545244285,0.00017434183948706637,0.17434183948706636,0.05915206470575722,0.030002132550130893,0.21948942586427023,0.4026535431329649,0.03323543269744565,8.084510582535733e-07,7.134879944052941e-07,0.3146164584566591,6.467084106573884e-07,8.386510659238819e-07
2018-02-28,0,-0.043863761772322506,0.0001447080368732204,0.1447080368732204,-0.044008469809195726,0.0300009596475589,0.1536869517635664,0.39610482571382155,0.06272898328873795,3.6380297621410786e-07,3.210695974823823e-07,0.3574769263019769,2.910187847958248e-07,3.7739297966574675e-07
2018-03-31,0,0.0014743126422874621,0.00026993484537736224,0.26993484537736223,0.0012043777969101,0.030000431841401505,0.28865437445224756,0.39502739936859077,0.028228042479932342,1.6371133929634852e-07,1.4448131889465017e-07,0.2580891428798756,1.3095845315812115e-07,1.6982684085486734e-07
2018-04-30,0,0.008330907741450377,0.0005407240128997683,0.5407240128997682,0.007790183728550609,0.03000019432863068,0.3960644816998395,0.17776232971586603,0.012702619115969553,0.16295206291363148,6.501659352387709e-08,0.2205181118560869,5.8931303941883254e-08,7.642207839940395e-08
2018-05-31,0,0.016459311086607906,0.00038875893332698726,0.38875893332698724,0.016070552153280918,0.08759811859053585,0.44647531278790337,0.07999304837213972,0.005716178602186311,0.07332842831113416,2.9257467085744687e-08,0.3068888231696115,2.6519086773847463e-08,3.438993527973177e-08
2018-06-30,0,-0.0007910316709399418,0.00041904323736787554,0.4190432373678755,-0.0012100749083078174,0.05591915336574113,0.4221109627528744,0.03599687176746287,0.0025722803709838397,0.03299779274001037,1.3165860206132709e-08,0.2408812608296051,1.1933589093049533e-08,0.20952165307387302
2018-07-31,0,0.0071223052403477545,0.00038233183905533863,0.38233183905533863,0.006739973401292416,0.041663619014583514,0.2845624110642111,0.01619859229535829,0.001157526166942793,0.014849006733004669,5.924637125329256e-09,0.3175459072686334,5.370115091872289e-09,0.32402292616251405
2018-08-31,0,0.022724776608388245,0.0002766303985224875,0.2766303985224875,0.02244814620986576,0.035248628556562585,0.17037502437695687,0.007289366532911233,0.0005208867751242701,0.006682053029852111,2.6660867063981647e-09,0.3563433161373868,0.036951253853797016,0.38658946807132255
2018-09-30,0,-0.0023357002918707424,7.40606849787005e-05,0.0740606849787005,-0.002409760976849443,0.03236188285045316,0.1758624465547677,0.0032802149398100545,0.00023439904880592153,0.003006923863433455,1.199739017879174e-09,0.3878862364489262,0.016628064234208668,0.38073983085985597
2018-10-31,2,-0.03383996113350025,0.0006999382016500222,0.6999382016500222,-0.03453989933515027,0.15908607637830613,0.11705383841473654,0.019965521821955372,0.02668664650292503,0.059707532620411605,0.07133019172237817,0.21785635701910755,0.06870461791548504,0.2596092176046947
2018-11-30,2,0.01103855669183633,0.0003344402695226706,0.3344402695226706,0.01070411642231366,0.1894495979459487,0.0702955421126605,0.03453534286141402,0.037899731850949206,0.08006756874050132,0.14827002446749787,0.16584356839685688,0.08247845585648551,0.19116016776768607
2018-12-31,2,-0.0023179952389611883,0.0003332107196495349,0.3332107196495349,-0.002651205958610723,0.19525231907567694,0.048727198022554825,0.04096763384526048,0.03921814977571835,0.14585871475997142,0.17455880878902905,0.09879996177336586,0.14345045530190786,0.1131667586565153
2019-01-31,2,0.03663074895922064,0.00012875951083204823,0.12875951083204823,0.03650198944838859,0.1978635435840546,0.034952859529488414,0.06996809396576387,0.03497013732556856,0.16498070176636037,0.16923212874068716,0.0645106183412469,0.1570965390826619,0.10642537766416821
2019-02-28,0,-0.0001514293271690679,0.0005962364088201858,0.5962364088201858,-0.0007476657359892537,0.10553859461282457,0.015728786788269784,0.031485642284593864,0.01573656179650585,0.2901264813813285,0.1622629098364255,0.029029778253561102,0.07069344258719787,0.27939780245929297
2019-03-31,0,0.0252122340006545,0.00045522272769804676,0.4552227276980467,0.024757011272956455,0.06399236757577105,0.007077954054721407,0.014168539028067237,0.007081452808427632,0.24389536799700454,0.07301830942639148,0.013063400214102494,0.16695624926019503,0.4107463596353192
2019-04-30,0,0.007515235721669261,0.000625926492408046,0.625926492408046,0.006889309229261215,0.1141618657586348,0.0031850793246246322,0.097599716315049,0.0031866537637924336,0.10975291559865204,0.03285823924187621,0.19242597094827996,0.07513031216708775,0.37169924688200323
2019-05-31,2,0.006661575350272269,0.0006168478609406105,0.6168478609406105,0.006044727489331658,0.16137283959138565,0.01595355529864489,0.053952188392121875,0.015787282189774113,0.15774840406197566,0.13028725597637364,0.0991558248143603,0.16554965920681908,0.20019299046854475
2019-06-30,0,0.03207927253166951,0.0004808580771016762,0.48085807710167616,0.03159841445456784,0.15474866959354464,0.007179099884390208,0.024278484776454837,0.007104276985398486,0.07098678182788903,0.058629265189368125,0.24975290210276402,0.1372955679092115,0.2900249517309791
2019-07-31,0,0.006345691145966023,0.0005819630351935686,0.5819630351935685,0.005763728110772455,0.08613690131709509,0.0032305949479755937,0.010925318149404692,0.0031969246434293427,0.22879709973367243,0.026383169335215742,0.24035199599405419,0.27046676760021243,0.1305112282789406
2019-08-31,0,0.06642501837814004,0.00037424739482589184,0.3742473948258918,0.06605077098331415,0.05526160559269279,0.0014537677265890195,0.004916393167232117,0.001438616089543204,0.3045026031861461,0.011872426200847176,0.10815839819732442,0.3377487868620893,0.17464740297753598
2019-09-30,0,-0.01606850636075047,0.00016841132767165146,0.16841132767165146,-0.01623691768842212,0.04136772251671175,0.0006541954769650587,0.0022123769252544523,0.0006473772402944418,0.33487720250447256,0.005342591790381228,0.048671279188795984,0.36097004129695576,0.2052572130601687
2019-10-31,0,0.008196723509572639,7.578509745224315e-05,0.07578509745224316,0.008120938412120396,0.03511547513252028,0.0002943879646342764,0.0009955696163645097,0.0002913197581325237,0.3603581065247516,0.0024041663056715524,0.02190207563495819,0.36436916092315313,0.21426973813981387
2019-11-30,0,-0.0006395198738175095,0.0007774900341495425,0.7774900341495424,-0.0014170099079670521,0.11217923513163086,0.00013247458408542753,0.00044800632736402936,0.0726826386189244,0.17404789609538326,0.0010818748375521984,0.2209819643205026,0.16396612241541894,0.25447978766913826
2019-12-31,0,0.02366245578811603,0.0006530789711617359,0.6530789711617359,0.023009376816954294,0.17975151124809433,5.9613562838442384e-05,0.12175328365301179,0.14913833244236047,0.07832155324292246,0.00048684367689848923,0.2821882026358233,0.07378475508693855,0.11451590445111225
2020-01-31,0,0.009228056918644121,0.0005444717736371548,0.5444717736371548,0.008683585145006965,0.09738818006164245,2.682610327729907e-05,0.0547889776438553,0.06711224959906277,0.22323204158634424,0.00021907965460441888,0.36774518749591933,0.03320313978912244,0.15628431806617185
2020-02-29,2,-0.018288534559196393,0.0005494974204044704,0.5494974204044704,-0.018838031979600864,0.1538246810277391,0.017545356529410822,0.0520314438952662,0.05298007061992808,0.2060530890514059,0.10429632234308558,0.19120874145905045,0.12991957591064626,0.09214071916346767
2020-03-31,3,-0.01343067196736493,0.00047402787736827386,0.47402787736827384,-0.013904699844733203,0.2617211064624826,0.013642287046483334,0.02938746906120381,0.030030684164484997,0.1590845417928152,0.16053681758913213,0.09280221682623203,0.20279659391399313,0.049998283143172825
2020-04-30,3,0.024672940105764714,0.00021300051357964162,0.21300051357964161,0.024459939592185072,0.3102744979081172,0.008896217606575735,0.017137194622321307,0.017900367356006617,0.15081005060898117,0.18699805659686763,0.047718339254502466,0.23428222025044382,0.025983055796184082
2020-05-31,2,0.006549594670974775,0.00012809466573671856,0.12809466573671854,0.006421500005238056,0.24962352405865273,0.01523724990363547,0.02086103931252925,0.022460795692526868,0.16854568350217475,0.20516429997221344,0.05063523144025066,0.2448854793407276,0.022586696777289264
2020-06-30,2,0.01118053092102036,6.140286328855122e-05,0.06140286328855121,0.011119128057731808,0.22233058582639373,0.015506485595154584,0.036572750150008396,0.023743633460812305,0.1770258656416311,0.20335919783183304,0.0542792667675799,0.2461989092209339,0.02098330550565307
2020-07-31,2,0.042291264450043616,8.770774180467794e-05,0.08770774180467794,0.042203556708238936,0.2100487636218772,0.018763332210123017,0.04813824475492724,0.036290809002851816,0.1925876847181963,0.1881258668454163,0.05520180183142692,0.23421839345926304,0.01662510355591825
2020-08-31,2,-0.0017778245579191346,0.0001210362312163697,0.1210362312163697,-0.0018988607891355044,0.20452194362984474,0.037903261717443286,0.05654497192268457,0.050143327287354475,0.1995720207731544,0.17175421290955817,0.0673364064250734,0.1979087160952628,0.014315139239624176
2020-09-30,1,-0.01615882618804307,0.0004341328514510593,0.4341328514510593,-0.016592959039494128,0.25338527763999796,0.035373514086863955,0.12949417468772195,0.04221493786069868,0.1745503019685175,0.08859644901252853,0.16259029537541245,0.09987939620511993,0.013915653163139084
2020-10-31,1,-0.007527576718062659,0.0002753778780274507,0.2753778780274507,-0.0078029545960901095,0.31235033393808775,0.02619811012190977,0.1886174535324146,0.03768973645742459,0.13644805379219693,0.054535482294547896,0.18219089924635537,0.04924510867123701,0.01272482194582614
2020-11-30,2,0.04463512649304228,0.0003552929520848799,0.3552929520848799,0.044279833540957395,0.26612751276717506,0.06234014189634572,0.14208517090094874,0.07427685831720732,0.10271181259192627,0.08800592923306727,0.13103576820656468,0.08702026061291435,0.04639654547385072
2020-12-31,2,0.031051793878363147,0.000177181209822019,0.177181209822019,0.030874612668541128,0.22975738074522878,0.07300237775744266,0.11715472145667868,0.08033970601063994,0.15167003830094689,0.09516026668713999,0.10374574476177147,0.09215053136423901,0.05701923291591259
2021-01-31,2,-0.0042247554403081105,0.0001259864653956481,0.1259864653956481,-0.0043507419057037585,0.21339082133535298,0.08572513192657466,0.10998394950612081,0.08863904914643742,0.12119737413908296,0.1155553071124823,0.09476250758624503,0.10376098658319957,0.06698487266450431
2021-02-28,2,0.0019433485192968027,6.954225068998919e-05,0.06954225068998919,0.0018738062686068134,0.20602586960090885,0.09906230806365228,0.10606839992275319,0.08867948838266623,0.10540161004403073,0.12763438332532961,0.0870676476541144,0.10782363727306321,0.0722366557334815
2021-03-31,1,0.0017250878523775125,0.00045426199000364446,0.4542619900036444,0.001270825862373868,0.3054144934421187,0.1592256664637424,0.15160986287142567,0.058904168581017886,0.053877667417872394,0.06458901927299633,0.058258828227487236,0.053846088178008164,0.09427420554533131
2021-04-30,1,0.0482378036398161,0.0005523879201090189,0.5523879201090189,0.04768541571970708,0.15393652204895342,0.25385226918520176,0.09466922452268128,0.05554673064175427,0.03474538687009571,0.039811478507269626,0.12201524952438617,0.03333799711817534,0.21208514158148242
2021-05-31,0,0.01885588243372826,0.00035739932919042074,0.3573993291904207,0.01849848310453784,0.11719780716672969,0.32997611047726366,0.04260115103520657,0.02499602878878977,0.015635424091543067,0.01791516532827133,0.14557475777449672,0.0150020987031789,0.29110145663452036
2021-06-30,0,0.024882733844662254,0.0001659107074644882,0.16591070746448822,0.024716823137197766,0.09812488080532974,0.3693547719730708,0.019170517965842952,0.01124821295495547,0.007035940841194412,0.008061824397722097,0.15429536493085924,0.006750944416430503,0.32595754171459473
2021-07-31,0,0.024025661038836313,7.34299918645579e-05,0.0734299918645579,0.023952231046971754,0.09015697718993071,0.37577122605442614,0.008626733084629332,0.005061695829729961,0.003166173378537505,0.0036278209789749856,0.1598493346881963,0.003037924987393763,0.35070211380818134
2021-08-31,0,0.007944336235706805,0.00011606283726535103,0.11606283726535103,0.007828273398441454,0.06488149611686153,0.3559514800374157,0.0038820298880832293,0.002277763123378517,0.0014247780203419252,0.0016325194405387433,0.17784803604289448,0.0013670662443271934,0.39073483108615864
2021-09-30,2,-0.014646164186266892,0.0005872266478486404,0.5872266478486404,-0.015233390834115533,0.1391966732525877,0.24148589758643796,0.01984014931597935,0.05982020519010985,0.047593349714325967,0.04808094470229262,0.14505548730136691,0.05454765458255584,0.24437963835434376
2021-10-31,0,0.055184331777177874,0.0004434165101639398,0.4434165101639398,0.05474091526701393,0.07913850296366445,0.3431515421570682,0.008928067192190714,0.026919092335549427,0.021417007371446684,0.021636425116031678,0.26509809781270655,0.02454644456215033,0.2091648204891919
2021-11-30,2,-0.02149439915516848,0.0005476482066783333,0.5476482066783332,-0.02204204736184681,0.145612326333649,0.211179063017659,0.019723811272861227,0.03316644866562793,0.04300562779531347,0.09840919858709293,0.17988344708867604,0.11649223022565536,0.15252784701346506
2021-12-31,0,0.05523523208183591,0.0005211129938643597,0.5211129938643597,0.054714119087971545,0.08202554685014204,0.18514786966958888,0.008875715072787558,0.014924901899532567,0.019352532507891217,0.044284139364191816,0.2915187119659023,0.05242150360154496,0.30144907906841867
2022-01-31,2,-0.02065708116040172,0.00038958168533486336,0.38958168533486337,-0.021046662845736582,0.14691149608256393,0.1755244741958863,0.031995838387291295,0.035000951259524994,0.06413821611416314,0.06842742692677356,0.20279121619209414,0.07020125319320492,0.20500912764849763
2022-02-28,2,0.007261320812287586,0.00033160424456464256,0.33160424456464255,0.006929716567722943,0.1761101732371538,0.1700137070571247,0.04306818624884647,0.045634316134759045,0.1515785407719402,0.08479791172124265,0.12351553667424003,0.08128817613190101,0.1239934520227921
2022-03-31,1,0.03584319452845623,0.0004189737358756594,0.4189737358756594,0.03542422079258057,0.10418093328509768,0.2892661841443017,0.030067536248293354,0.03253705929395293,0.2262029488499266,0.04963407059306126,0.08141067673548426,0.04709715605442385,0.1396034347954584
2022-04-30,2,-0.015672620441792715,0.0003119182391713465,0.31191823917134653,-0.015984538680964062,0.18619390845812706,0.22193767545667475,0.04120659108608758,0.03830092738648242,0.21922279576949583,0.08559803342924287,0.05933888396981863,0.06817641470056243,0.08002476974350847
2022-05-31,2,0.002510935818048278,0.00018849293923308436,0.18849293923308436,0.002322442878815194,0.23996874094922432,0.21893587914915463,0.051246229377020766,0.04302740704890019,0.16761414266921604,0.10687118991032413,0.0462999154340276,0.0726087773915751,0.0534277180705572
2022-06-30,2,-0.0321037714218181,0.00011219457371382839,0.11219457371382839,-0.03221596599553193,0.2716562323835781,0.2069792177243517,0.05530577284225052,0.04244657816030839,0.14947663709632092,0.12142253913239642,0.03690728572113866,0.07840768012683347,0.037398056812821795
2022-07-31,2,0.006931881596496289,0.00011742654831836694,0.11742654831836694,0.006814455048177922,0.3085567672381671,0.1821504146162113,0.05045244897091708,0.03933439789228717,0.13182794033630546,0.13670149297513168,0.033113663662725126,0.0849414655886927,0.032921408719562416
2022-08-31,2,-0.02069253988212421,5.5977536050584586e-05,0.055977536050584586,-0.020748517418174794,0.3344546983829084,0.17267543440678818,0.05095523286728123,0.03587034253693436,0.12144490930679291,0.13548142846147956,0.03143727344299463,0.08652951857287955,0.031151162021941223
2022-09-30,2,-0.040442170308559684,0.0001413749946654436,0.1413749946654436,-0.04058354530322513,0.38002126158931093,0.11501951292709528,0.05179204353989435,0.029509759913347807,0.12607114834328456,0.14935641383584097,0.02969386560410956,0.09231241761573265,0.026223576631383937
2022-10-31,2,-0.0003196764961706823,0.00010317916586049367,0.10317916586049367,-0.00042285566203117595,0.4240235517977723,0.08217971090177721,0.0458734337973184,0.029115177574369686,0.12958926793823894,0.15041698790731126,0.032702464659470395,0.08274897999443678,0.02335042542930514
2022-11-30,2,0.04388382317987135,0.00011443842092724214,0.11443842092724213,0.04376938475894411,0.40477758405542147,0.05850252880266883,0.050792004708414204,0.051386593785121684,0.13946021963998462,0.13635505245007973,0.05183363567153132,0.08377608062240342,0.0231163002643748
2022-12-31,2,-0.0035020910130359297,0.00014652127942114094,0.14652127942114093,-0.0036486122924570706,0.38420969663657756,0.058210861692491886,0.03808889471119377,0.06140276416006849,0.20270468897560825,0.121070029821052,0.040219826525668245,0.07111461996162755,0.02297861751571229
2023-01-31,2,0.041117151398537194,0.0001693187648210166,0.1693187648210166,0.04094783263371618,0.3201852769093576,0.0450812203744599,0.04878017183113653,0.060860983943097094,0.23429845196312282,0.15266597241336055,0.041041323909367884,0.06415107881334256,0.03293551984275506
2023-02-28,2,-0.02745048151809548,0.00011186160233040699,0.11186160233040698,-0.027562343120425884,0.36775682279656163,0.04707265298049495,0.03468463956799682,0.06241031383487139,0.23329432239530049,0.12652271193213696,0.04585981668955805,0.05607555698903591,0.026323162814043895
2023-03-31,2,0.03371239916306252,0.00014636316545751373,0.14636316545751374,0.03356603599760501,0.317112955273673,0.038424403192756085,0.0423519846921607,0.06278895514403159,0.2242528592148813,0.16035978429965622,0.0488004154260852,0.08443348218042225,0.02147516057633367
2023-04-30,2,0.006656256202263093,6.320156723961211e-05,0.06320156723961211,0.006593054635023481,0.3064559499922754,0.03541055904835463,0.04442428601581721,0.059806375163036225,0.2155803599175658,0.17727246524653612,0.046357314768650605,0.09704928352969194,0.017643406318072197
2023-05-31,2,-0.01281034730060838,6.11268127792889e-05,0.0611268127792889,-0.012871474113387668,0.31677300618476967,0.029610637666228495,0.04091262445224976,0.051676917160187366,0.20579792960491777,0.1887377631835382,0.04574460407736841,0.10583033578984001,0.014916181880900384
2023-06-30,2,0.0058137783616333365,6.784926260371877e-05,0.06784926260371876,0.005745929099029617,0.3186062423026369,0.026352187936785083,0.0427024555024232,0.05270296178048008,0.17950385402635732,0.18436565718968267,0.05705350951392572,0.10843787694798529,0.030275254799723792
2023-07-31,2,0.017608607839087433,0.00021936849300221704,0.21936849300221703,0.017389239346085217,0.34662188515381986,0.08361029648208454,0.04789789966773168,0.05262294290107803,0.1771659920823873,0.12122989357601904,0.06983738759630312,0.06430727488391247,0.03670642765666399
2023-08-31,2,-0.009826034508883696,0.00010912158513016385,0.10912158513016385,-0.00993515609401386,0.3598833799670238,0.1116559627278816,0.03443327560034556,0.051840964409918464,0.17975824536349816,0.10377856543693793,0.0804987658212732,0.05047182903522874,0.0276790116378926
2023-09-30,2,-0.017413280726961602,0.00015800111818483467,0.15800111818483467,-0.017571281845146437,0.408470665635223,0.13451441145562226,0.02959847994564467,0.03762767009632098,0.12926433379737526,0.11059069617657631,0.08124145977811226,0.04428942458337444,0.02440285853175077
2023-10-31,2,0.0017946082124534867,8.841560207557815e-05,0.08841560207557815,0.0017061926103779086,0.4232181183910881,0.14917646269864643,0.025496330997782424,0.029008442374892893,0.14332874478538582,0.11132458222746562,0.060608678930832924,0.03630174370915237,0.02153689588475348
2023-11-30,2,0.02642983351948594,0.0001311641938982525,0.1311641938982525,0.02629866932558769,0.39162906492921346,0.14760584019694475,0.038208649939982936,0.039860350127330975,0.1536008836840077,0.08997566268366353,0.07782984833174444,0.025228242267404513,0.03606145783970774
2023-12-31,2,0.02259654805561333,0.00026194699622178767,0.2619469962217877,0.022334601059391543,0.3318978492923394,0.08198803276186521,0.041586990010967134,0.04481806710035007,0.1868440932188907,0.1418535281478627,0.07220537329280424,0.05009820655229992,0.04870785962262073
2024-01-31,2,-0.004431609884681544,0.00011709781129675851,0.11709781129675852,-0.004548707695978302,0.33053640051730127,0.05440227614141019,0.026282687885811153,0.047542783305471424,0.17254669509116058,0.17616502719886085,0.07533410237900226,0.06759259352874686,0.04959743395223553
2024-02-29,2,0.006000453925351747,0.0001155017526663355,0.1155017526663355,0.005884952172685412,0.3064124819368428,0.04166128319720197,0.03761802516881558,0.06507515615348639,0.18347222765477655,0.17856714128918977,0.08999922952797385,0.04670662872024578,0.05048782635146738
2024-03-31,1,0.036054163900002975,0.0005135912885169737,0.5135912885169738,0.035540572611486,0.15438561687157923,0.031065298078368667,0.03825369937280985,0.154406770755056,0.21220316450760418,0.09617167068306975,0.22809664812806926,0.03838661502224057,0.04703051658120251
2024-04-30,2,-0.0076780778122395865,0.00030694875695353515,0.30694875695353513,-0.007985026569193122,0.2132034211286031,0.08379016903426598,0.0512011350397048,0.10791332135636648,0.24118743210455554,0.08249899439980196,0.1542545300774857,0.033133517728996795,0.0328174791302195
2024-05-31,0,0.030657900575209007,0.0005043954918114675,0.5043954918114675,0.03015350508339754,0.11689838765601292,0.03770557606541969,0.023040510767867596,0.15853600913377086,0.29672656534726094,0.037124547479910903,0.3002904549631097,0.01491008297804856,0.014767865608598774
2024-06-30,0,0.015474525612888961,0.0003661658269696461,0.36616582696964606,0.015108359785919316,0.07848971886735169,0.01696750922943892,0.10747624074414955,0.07134120411019691,0.30887801955934346,0.016706046365959924,0.38678618425956823,0.0067095373401218515,0.006645539523869448
2024-07-31,0,0.025372848718965904,0.00018354551098063245,0.18354551098063243,0.02518930320798527,0.051820373490308255,0.007635379153247514,0.1542968421799516,0.03210354184958869,0.3292282910225166,0.007517720864681965,0.4113880668509093,0.003019291803054833,0.002990492785741321
2024-08-31,0,0.023505756025645207,0.00048269535922682976,0.48269535922682977,0.023023060666418377,0.13988155631176394,0.003435920618961381,0.06943357898097821,0.014446593832314909,0.30541029136617903,0.003382974389106928,0.30637341361162046,0.0013586813113746854,0.15627698957770053
2024-09-30,0,0.030353660450806084,0.00032727538400713374,0.32727538400713374,0.03002638506679895,0.1946639272490215,0.0015461642785326302,0.031245110541440222,0.006500967224541787,0.2843305161003488,0.001522338475098166,0.21444725889688857,0.0006114065901186085,0.2651323106440099
2024-10-31,0,-0.00030255353793484825,0.0002525733603001878,0.2525733603001878,-0.000555126898235036,0.10654859432932429,0.0006957739253396868,0.014060299743648098,0.0029254352510438594,0.3180535906119304,0.0006850523137942513,0.19906020457684398,0.0002751329655534004,0.3576959162825222
2024-11-30,0,0.019418302041014125,7.85460283362256e-05,0.07854602833622559,0.0193397560126779,0.08994463762569414,0.0003130982664028644,0.006327134884641821,0.00131644586296975,0.305637464957106,0.0003082735412075043,0.2007889633019531,0.00012380983449909,0.39524017172552584
2024-12-31,2,-0.027652977269278026,0.0004913110042716682,0.49131100427166824,-0.028144288273549693,0.1857881470946851,0.040784257271072946,0.026516638110757877,0.019439084859893062,0.2847334423537084,0.046539547067487565,0.16183974912111931,0.02492122774735273,0.20943790637392307
2025-01-31,0,0.03603062896573633,0.000494761104558898,0.494761104558898,0.035535867861177434,0.11817751710291391,0.0761474763484262,0.011932487149841044,0.008747588186951883,0.3271211050303049,0.02094279618036941,0.3314694196466185,0.011214552486308727,0.09424705786826545
2025-02-28,0,0.005242091716849221,0.0002587881988721151,0.25878819887211507,0.004983303517977106,0.06967988269631126,0.14379070467464128,0.005369619217428494,0.003936414684128348,0.3774227388514611,0.009424258281166328,0.34291865693530477,0.005046548618838993,0.04241117604071947
2025-03-31,0,0.034439668778659414,0.0004893351559687459,0.4893351559687459,0.03395033362269067,0.047855947213340064,0.2804772607871501,0.002416328647842928,0.09975153152166653,0.38958864388578707,0.004240916226524901,0.15431339562088714,0.0022709468784775466,0.01908502921832376
2025-04-30,1,0.016389702674893494,0.00045810518698826606,0.4581051869882661,0.01593159748790523,0.04739189202818059,0.13616708587902832,0.026498572950819477,0.20775695955077025,0.3798142777888082,0.08946354949598394,0.07980939831701415,0.013660136690063137,0.0194381272993319
2025-05-31,0,0.02256102063790801,0.00040497949363158057,0.4049794936315806,0.02215604114427643,0.03782635141268126,0.061275188645562736,0.11348052559581093,0.3232647537215691,0.37308613531329904,0.040258597273192795,0.035914229242656366,0.006147061510528411,0.008747157284699355
2025-06-30,0,0.024613879027461337,0.00021977247927397359,0.2197724792739736,0.024394106548187362,0.03352185813570657,0.027573834890503232,0.16349718753798745,0.3831343314163794,0.3512926176294388,0.01811636877293676,0.016161403159195366,0.002766177679737785,0.00393622077811471
2025-07-31,0,-0.005186249923799655,0.00032566217486703963,0.32566217486703963,-0.0055119120986666945,0.031584836161067956,0.012408225700726453,0.32632827497150724,0.2830207853097683,0.3282168011814365,0.008152365947821547,0.007272631421638438,0.0012447799558820037,0.0017712993501516191
2025-08-31,0,0.03670487654392722,0.00021239238248772093,0.21239238248772094,0.0364924841614395,0.03071317627248058,0.005583701565326903,0.3902633093382873,0.1906634229795151,0.3316803261642177,0.0036685646765196958,0.04607026331593759,0.0005601509801469016,0.0007970847075682285
2025-09-30,0,0.07564916713957887,0.0002221847112997132,0.22218471129971318,0.07542698242827915,0.030320929322616264,0.002512665704397106,0.4121780505533812,0.08579854034078178,0.33946583213346915,0.0016508541044338635,0.12746237178144887,0.0002520679410661057,0.00035868811840571407
2025-10-31,0,0.03171684971953086,0.00011266342109465314,0.11266342109465313,0.031604186298436206,0.030144418195177318,0.001130699566978734,0.4314181291231047,0.03860934315335192,0.33312568162857786,0.0007428843469952385,0.16455400375905194,0.00011343057347974755,0.00016140965328257926
2025-11-30,0,0.012823828953659638,7.798450443689426e-05,0.07798450443689427,0.012745844449222743,0.030064988187829794,0.0005088148051404302,0.41492207892375355,0.017374204419008363,0.3654869559707661,0.00033429795614786477,0.17118498163531082,5.1043758065886396e-05,7.263434397716066e-05
2025-12-31,0,0.01756933440148472,4.895948008009922e-05,0.04895948008009922,0.01752037492140462,0.030029244684523407,0.0002289666623131936,0.4005656297922972,0.007818391988553762,0.38984454332021773,0.00015043408026653912,0.17130713432590883,2.2969691129648875e-05,3.268545478972685e-05
